INSERT INTO `vacunacion_ciudadano`(`dui`, `nombre_completo`, `direccion`, `fecha_nacimiento`) VALUES (12345678,'Roberto Lozano','Mi casa','1994-09-03');
INSERT INTO `vacunacion_departamento` (`id_departamento`, `nombre_departamento`) VALUES
(1, 'Ahuachapán'),
(2, 'Cabañas'),
(3, 'Chalatenango'),
(4, 'Cuscatlán'),
(5, 'La Libertad'),
(6, 'La Paz'),
(7, 'La Unión'),
(8, 'Morazán'),
(9, 'San Miguel'),
(10, 'San Salvador'),
(11, 'San Vicente'),
(12, 'Santa Ana'),
(13, 'Sonsonate'),
(14, 'Usulután');


INSERT INTO `vacunacion_municipio` (`id_municipio`, `nombre_municipio`, `departamento_id`) VALUES
(1, 'Ahuachapán', 1),
(2, 'Jujutla', 1),
(3, 'Atiquizaya', 1),
(4, 'Concepción de Ataco', 1),
(5, 'El Refugio', 1),
(6, 'Guaymango', 1),
(7, 'Apaneca', 1),
(8, 'San Francisco Menéndez', 1),
(9, 'San Lorenzo', 1),
(10, 'San Pedro Puxtla', 1),
(11, 'Tacuba', 1),
(12, 'Turín', 1),
(13, 'Cinquera', 2),
(14, 'Villa Dolores', 2),
(15, 'Guacotecti', 2),
(16, 'Ilobasco', 2),
(17, 'Jutiapa', 2),
(18, 'San Isidro', 2),
(19, 'Sensuntepeque', 2),
(20, 'Ciudad de Tejutepeque', 2),
(21, 'Victoria', 2),
(22, 'Agua Caliente', 3),
(23, 'Arcatao', 3),
(24, 'Azacualpa', 3),
(25, 'Chalatenango', 3),
(26, 'Citalá', 3),
(27, 'Comalapa', 3),
(28, 'Concepción Quezaltepeque', 3),
(29, 'Dulce Nombre de María', 3),
(30, 'El Carrizal', 3),
(31, 'El Paraíso', 3),
(32, 'La Laguna', 3),
(33, 'La Palma', 3),
(34, 'La Reina', 3),
(35, 'Las Vueltas', 3),
(36, 'Nombre de Jesús', 3),
(37, 'Nueva Concepción', 3),
(38, 'Nueva Trinidad', 3),
(39, 'Ojos de Agua', 3),
(40, 'Potonico', 3),
(41, 'San Antonio de la Cruz', 3),
(42, 'San Antonio Los Ranchos', 3),
(43, 'San Fernando', 3),
(44, 'San Francisco Lempa', 3),
(45, 'San Francisco Morazán', 3),
(46, 'San Ignacio', 3),
(47, 'San Isidro Labrador', 3),
(48, 'San José Cancasque', 3),
(49, 'San José Las Flores', 3),
(50, 'San Luis del Carmen', 3),
(51, 'San Miguel de Mercedes', 3),
(52, 'San Rafael', 3),
(53, 'Santa Rita', 3),
(54, 'Tejutla', 3),
(55, 'Candelaria', 4),
(56, 'Cojutepeque', 4),
(57, 'El Carmen', 4),
(58, 'El Rosario', 4),
(59, 'Monte San Juan', 4),
(60, 'Oratorio de Concepción', 4),
(61, 'San Bartolomé Perulapía', 4),
(62, 'San Cristóbal', 4),
(63, 'San José Guayabal', 4),
(64, 'San Pedro Perulapán', 4),
(65, 'San Rafael Cedros', 4),
(66, 'San Ramón', 4),
(67, 'Santa Cruz Analquito', 4),
(68, 'Santa Cruz Michapa', 4),
(69, 'Suchitoto', 4),
(70, 'Tenancingo', 4),
(71, 'Antiguo Cuscatlán', 5),
(72, 'Chiltiupán', 5),
(73, 'Ciudad Arce', 5),
(74, 'Colón', 5),
(75, 'Comasagua', 5),
(76, 'Huizúcar', 5),
(77, 'Jayaque', 5),
(78, 'Jicalapa', 5),
(79, 'La Libertad', 5),
(80, 'Santa Tecla', 5),
(81, 'Nuevo Cuscatlán', 5),
(82, 'Opico', 5),
(83, 'Quezaltepeque', 5),
(84, 'Sacacoyo', 5),
(85, 'San José Villanueva', 5),
(86, 'San Matías', 5),
(87, 'San Pablo Tacachico', 5),
(88, 'Talnique', 5),
(89, 'Tamanique', 5),
(90, 'Teotepeque', 5),
(91, 'Tepecoyo', 5),
(92, 'Zaragoza', 5),
(93, 'Cuyultitán', 6),
(94, 'El Rosario', 6),
(95, 'Jerusalén', 6),
(96, 'Mercedes La Ceiba', 6),
(97, 'Olocuilta', 6),
(98, 'Paraíso de Osorio', 6),
(99, 'San Antonio Masahuat', 6),
(100, 'San Emigdio', 6),
(101, 'San Francisco Chinameca', 6),
(102, 'San Juan Nonualco', 6),
(103, 'San Juan Talpa', 6),
(104, 'San Juan Tepezontes', 6),
(105, 'San Luis La Herradura', 6),
(106, 'San Luis Talpa', 6),
(107, 'San Miguel Tepezontes', 6),
(108, 'San Pedro Masahuat', 6),
(109, 'San Pedro Nonualco', 6),
(110, 'San Rafael Obrajuelo', 6),
(111, 'Santa María Ostuma', 6),
(112, 'Santiago Nonualco', 6),
(113, 'Tapalhuaca', 6),
(114, 'Zacatecoluca', 6),
(115, 'Anamorós', 7),
(116, 'Bolívar', 7),
(117, 'Concepción de Oriente', 7),
(118, 'Conchagua', 7),
(119, 'El Carmen', 7),
(120, 'El Sauce', 7),
(121, 'Intipucá', 7),
(122, 'La Unión', 7),
(123, 'Lislique', 7),
(124, 'Meanguera del Golfo', 7),
(125, 'Nueva Esparta', 7),
(126, 'Pasaquina', 7),
(127, 'Polorós', 7),
(128, 'San Alejo', 7),
(129, 'San José', 7),
(130, 'Santa Rosa de Lima', 7),
(131, 'Yayantique', 7),
(132, 'Yucuayquín', 7),
(133, 'Arambala', 8),
(134, 'Cacaopera', 8),
(135, 'Chilanga', 8),
(136, 'Corinto', 8),
(137, 'Delicias de Concepción', 8),
(138, 'El Divisadero', 8),
(139, 'El Rosario', 8),
(140, 'Gualococti', 8),
(141, 'Guatajiagua', 8),
(142, 'Joateca', 8),
(143, 'Jocoaitique', 8),
(144, 'Jocoro', 8),
(145, 'Lolotiquillo', 8),
(146, 'Meanguera', 8),
(147, 'Osicala', 8),
(148, 'Perquín', 8),
(149, 'San Carlos', 8),
(150, 'San Fernando', 8),
(151, 'San Francisco Gotera', 8),
(152, 'San Isidro', 8),
(153, 'San Simón', 8),
(154, 'Sensembra', 8),
(155, 'Sociedad', 8),
(156, 'Torola', 8),
(157, 'Yamabal', 8),
(158, 'Yoloaiquín', 8),
(159, 'Carolina', 9),
(160, 'Chapeltique', 9),
(161, 'Chinameca', 9),
(162, 'Chirilagua', 9),
(163, 'Ciudad Barrios', 9),
(164, 'Comacarán', 9),
(165, 'El Tránsito', 9),
(166, 'Lolotique', 9),
(167, 'Moncagua', 9),
(168, 'Nueva Guadalupe', 9),
(169, 'Nuevo Edén de San Juan', 9),
(170, 'Quelepa', 9),
(171, 'San Antonio', 9),
(172, 'San Gerardo', 9),
(173, 'San Jorge', 9),
(174, 'San Luis de la Reina', 9),
(175, 'San Miguel', 9),
(176, 'San Rafael', 9),
(177, 'Sesori', 9),
(178, 'Uluazapa', 9),
(179, 'Aguilares', 10),
(180, 'Apopa', 10),
(181, 'Ayutuxtepeque', 10),
(182, 'Cuscatancingo', 10),
(183, 'Delgado', 10),
(184, 'El Paisnal', 10),
(185, 'Guazapa', 10),
(186, 'Ilopango', 10),
(187, 'Mejicanos', 10),
(188, 'Nejapa', 10),
(189, 'Panchimalco', 10),
(190, 'Rosario de Mora', 10),
(191, 'San Marcos', 10),
(192, 'San Martín', 10),
(193, 'San Salvador', 10),
(194, 'Santiago Texacuangos', 10),
(195, 'Santo Tomás', 10),
(196, 'Soyapango', 10),
(197, 'Tonacatepeque', 10),
(198, 'Apastepeque', 11),
(199, 'Guadalupe', 11),
(200, 'San Cayetano Istepeque', 11),
(201, 'San Esteban Catarina', 11),
(202, 'San Ildefonso', 11),
(203, 'San Lorenzo', 11),
(204, 'San Sebastián', 11),
(205, 'Santa Clara', 11),
(206, 'Santo Domingo', 11),
(207, 'San Vicente', 11),
(208, 'Tecoluca', 11),
(209, 'Tepetitán', 11),
(210, 'Verapaz', 11),
(211, 'Candelaria de la Frontera', 12),
(212, 'Chalchuapa', 12),
(213, 'Coatepeque', 12),
(214, 'El Congo', 12),
(215, 'El Porvenir', 12),
(216, 'Masahuat', 12),
(217, 'Metapán', 12),
(218, 'San Antonio Pajonal', 12),
(219, 'San Sebastián Salitrillo', 12),
(220, 'Santa Ana', 12),
(221, 'Santa Rosa Guachipilín', 12),
(222, 'Santiago de la Frontera', 12),
(223, 'Texistepeque', 12),
(224, 'Acajutla', 13),
(225, 'Armenia', 13),
(226, 'Caluco', 13),
(227, 'Cuisnahuat', 13),
(228, 'Izalco', 13),
(229, 'Juayúa', 13),
(230, 'Nahuizalco', 13),
(231, 'Nahulingo', 13),
(232, 'Salcoatitán', 13),
(233, 'San Antonio del Monte', 13),
(234, 'San Julián', 13),
(235, 'Santa Catarina Masahuat', 13),
(236, 'Santa Isabel Ishuatán', 13),
(237, 'Santo Domingo', 13),
(238, 'Sonsonate', 13),
(239, 'Sonzacate', 13),
(240, 'Alegría', 14),
(241, 'Berlín', 14),
(242, 'California', 14),
(243, 'Concepción Batres', 14),
(244, 'El Triunfo', 14),
(245, 'Ereguayquín', 14),
(246, 'Estanzuelas', 14),
(247, 'Jiquilisco', 14),
(248, 'Jucuapa', 14),
(249, 'Jucuarán', 14),
(250, 'Mercedes Umaña', 14),
(251, 'Nueva Granada', 14),
(252, 'Ozatlán', 14),
(253, 'Puerto El Triunfo', 14),
(254, 'San Agustín', 14),
(255, 'San Buenaventura', 14),
(256, 'San Dionisio', 14),
(257, 'San Francisco Javier', 14),
(258, 'Santa Elena', 14),
(259, 'Santa María', 14),
(260, 'Santiago de María', 14),
(261, 'Tecapán', 14),
(262, 'Usulután', 14);


INSERT INTO `vacunacion_sede`(`municipio_id`,`nombre_sede`) VALUES 
(1, 'SEDE de Ahuachapán'),
(2, 'SEDE de Jujutla'),
(3, 'SEDE de Atiquizaya'),
(4, 'SEDE de Concepción de Ataco'),
(5, 'SEDE de El Refugio'),
(6, 'SEDE de Guaymango'),
(7, 'SEDE de Apaneca'),
(8, 'SEDE de San Francisco Menéndez'),
(9, 'SEDE de San Lorenzo'),
(10, 'SEDE de San Pedro Puxtla'),
(11, 'SEDE de Tacuba'),
(12, 'SEDE de Turín'),
(13, 'SEDE de Cinquera'),
(14, 'SEDE de Villa Dolores'),
(15, 'SEDE de Guacotecti'),
(16, 'SEDE de Ilobasco'),
(17, 'SEDE de Jutiapa'),
(18, 'SEDE de San Isidro'),
(19, 'SEDE de Sensuntepeque'),
(20, 'SEDE de Ciudad de Tejutepeque'),
(21, 'SEDE de Victoria'),
(22, 'SEDE de Agua Caliente'),
(23, 'SEDE de Arcatao'),
(24, 'SEDE de Azacualpa'),
(25, 'SEDE de Chalatenango'),
(26, 'SEDE de Citalá'),
(27, 'SEDE de Comalapa'),
(28, 'SEDE de Concepción Quezaltepeque'),
(29, 'SEDE de Dulce Nombre de María'),
(30, 'SEDE de El Carrizal'),
(31, 'SEDE de El Paraíso'),
(32, 'SEDE de La Laguna'),
(33, 'SEDE de La Palma'),
(34, 'SEDE de La Reina'),
(35, 'SEDE de Las Vueltas'),
(36, 'SEDE de Nombre de Jesús'),
(37, 'SEDE de Nueva Concepción'),
(38, 'SEDE de Nueva Trinidad'),
(39, 'SEDE de Ojos de Agua'),
(40, 'SEDE de Potonico'),
(41, 'SEDE de San Antonio de la Cruz'),
(42, 'SEDE de San Antonio Los Ranchos'),
(43, 'SEDE de San Fernando'),
(44, 'SEDE de San Francisco Lempa'),
(45, 'SEDE de San Francisco Morazán'),
(46, 'SEDE de San Ignacio'),
(47, 'SEDE de San Isidro Labrador'),
(48, 'SEDE de San José Cancasque'),
(49, 'SEDE de San José Las Flores'),
(50, 'SEDE de San Luis del Carmen'),
(51, 'SEDE de San Miguel de Mercedes'),
(52, 'SEDE de San Rafael'),
(53, 'SEDE de Santa Rita'),
(54, 'SEDE de Tejutla'),
(55, 'SEDE de Candelaria'),
(56, 'SEDE de Cojutepeque'),
(57, 'SEDE de El Carmen'),
(58, 'SEDE de El Rosario'),
(59, 'SEDE de Monte San Juan'),
(60, 'SEDE de Oratorio de Concepción'),
(61, 'SEDE de San Bartolomé Perulapía'),
(62, 'SEDE de San Cristóbal'),
(63, 'SEDE de San José Guayabal'),
(64, 'SEDE de San Pedro Perulapán'),
(65, 'SEDE de San Rafael Cedros'),
(66, 'SEDE de San Ramón'),
(67, 'SEDE de Santa Cruz Analquito'),
(68, 'SEDE de Santa Cruz Michapa'),
(69, 'SEDE de Suchitoto'),
(70, 'SEDE de Tenancingo'),
(71, 'SEDE de Antiguo Cuscatlán'),
(72, 'SEDE de Chiltiupán'),
(73, 'SEDE de Ciudad Arce'),
(74, 'SEDE de Colón'),
(75, 'SEDE de Comasagua'),
(76, 'SEDE de Huizúcar'),
(77, 'SEDE de Jayaque'),
(78, 'SEDE de Jicalapa'),
(79, 'SEDE de La Libertad'),
(80, 'SEDE de Santa Tecla'),
(81, 'SEDE de Nuevo Cuscatlán'),
(82, 'SEDE de Opico'),
(83, 'SEDE de Quezaltepeque'),
(84, 'SEDE de Sacacoyo'),
(85, 'SEDE de San José Villanueva'),
(86, 'SEDE de San Matías'),
(87, 'SEDE de San Pablo Tacachico'),
(88, 'SEDE de Talnique'),
(89, 'SEDE de Tamanique'),
(90, 'SEDE de Teotepeque'),
(91, 'SEDE de Tepecoyo'),
(92, 'SEDE de Zaragoza'),
(93, 'SEDE de Cuyultitán'),
(94, 'SEDE de El Rosario'),
(95, 'SEDE de Jerusalén'),
(96, 'SEDE de Mercedes La Ceiba'),
(97, 'SEDE de Olocuilta'),
(98, 'SEDE de Paraíso de Osorio'),
(99, 'SEDE de San Antonio Masahuat'),
(100, 'SEDE de San Emigdio'),
(101, 'SEDE de San Francisco Chinameca'),
(102, 'SEDE de San Juan Nonualco'),
(103, 'SEDE de San Juan Talpa'),
(104, 'SEDE de San Juan Tepezontes'),
(105, 'SEDE de San Luis La Herradura'),
(106, 'SEDE de San Luis Talpa'),
(107, 'SEDE de San Miguel Tepezontes'),
(108, 'SEDE de San Pedro Masahuat'),
(109, 'SEDE de San Pedro Nonualco'),
(110, 'SEDE de San Rafael Obrajuelo'),
(111, 'SEDE de Santa María Ostuma'),
(112, 'SEDE de Santiago Nonualco'),
(113, 'SEDE de Tapalhuaca'),
(114, 'SEDE de Zacatecoluca'),
(115, 'SEDE de Anamorós'),
(116, 'SEDE de Bolívar'),
(117, 'SEDE de Concepción de Oriente'),
(118, 'SEDE de Conchagua'),
(119, 'SEDE de El Carmen'),
(120, 'SEDE de El Sauce'),
(121, 'SEDE de Intipucá'),
(122, 'SEDE de La Unión'),
(123, 'SEDE de Lislique'),
(124, 'SEDE de Meanguera del Golfo'),
(125, 'SEDE de Nueva Esparta'),
(126, 'SEDE de Pasaquina'),
(127, 'SEDE de Polorós'),
(128, 'SEDE de San Alejo'),
(129, 'SEDE de San José'),
(130, 'SEDE de Santa Rosa de Lima'),
(131, 'SEDE de Yayantique'),
(132, 'SEDE de Yucuayquín'),
(133, 'SEDE de Arambala'),
(134, 'SEDE de Cacaopera'),
(135, 'SEDE de Chilanga'),
(136, 'SEDE de Corinto'),
(137, 'SEDE de Delicias de Concepción'),
(138, 'SEDE de El Divisadero'),
(139, 'SEDE de El Rosario'),
(140, 'SEDE de Gualococti'),
(141, 'SEDE de Guatajiagua'),
(142, 'SEDE de Joateca'),
(143, 'SEDE de Jocoaitique'),
(144, 'SEDE de Jocoro'),
(145, 'SEDE de Lolotiquillo'),
(146, 'SEDE de Meanguera'),
(147, 'SEDE de Osicala'),
(148, 'SEDE de Perquín'),
(149, 'SEDE de San Carlos'),
(150, 'SEDE de San Fernando'),
(151, 'SEDE de San Francisco Gotera'),
(152, 'SEDE de San Isidro'),
(153, 'SEDE de San Simón'),
(154, 'SEDE de Sensembra'),
(155, 'SEDE de Sociedad'),
(156, 'SEDE de Torola'),
(157, 'SEDE de Yamabal'),
(158, 'SEDE de Yoloaiquín'),
(159, 'SEDE de Carolina'),
(160, 'SEDE de Chapeltique'),
(161, 'SEDE de Chinameca'),
(162, 'SEDE de Chirilagua'),
(163, 'SEDE de Ciudad Barrios'),
(164, 'SEDE de Comacarán'),
(165, 'SEDE de El Tránsito'),
(166, 'SEDE de Lolotique'),
(167, 'SEDE de Moncagua'),
(168, 'SEDE de Nueva Guadalupe'),
(169, 'SEDE de Nuevo Edén de San Juan'),
(170, 'SEDE de Quelepa'),
(171, 'SEDE de San Antonio'),
(172, 'SEDE de San Gerardo'),
(173, 'SEDE de San Jorge'),
(174, 'SEDE de San Luis de la Reina'),
(175, 'SEDE de San Miguel'),
(176, 'SEDE de San Rafael'),
(177, 'SEDE de Sesori'),
(178, 'SEDE de Uluazapa'),
(179, 'SEDE de Aguilares'),
(180, 'SEDE de Apopa'),
(181, 'SEDE de Ayutuxtepeque'),
(182, 'SEDE de Cuscatancingo'),
(183, 'SEDE de Delgado'),
(184, 'SEDE de El Paisnal'),
(185, 'SEDE de Guazapa'),
(186, 'SEDE de Ilopango'),
(187, 'SEDE de Mejicanos'),
(188, 'SEDE de Nejapa'),
(189, 'SEDE de Panchimalco'),
(190, 'SEDE de Rosario de Mora'),
(191, 'SEDE de San Marcos'),
(192, 'SEDE de San Martín'),
(193, 'SEDE de San Salvador'),
(194, 'SEDE de Santiago Texacuangos'),
(195, 'SEDE de Santo Tomás'),
(196, 'SEDE de Soyapango'),
(197, 'SEDE de Tonacatepeque'),
(198, 'SEDE de Apastepeque'),
(199, 'SEDE de Guadalupe'),
(200, 'SEDE de San Cayetano Istepeque'),
(201, 'SEDE de San Esteban Catarina'),
(202, 'SEDE de San Ildefonso'),
(203, 'SEDE de San Lorenzo'),
(204, 'SEDE de San Sebastián'),
(205, 'SEDE de Santa Clara'),
(206, 'SEDE de Santo Domingo'),
(207, 'SEDE de San Vicente'),
(208, 'SEDE de Tecoluca'),
(209, 'SEDE de Tepetitán'),
(210, 'SEDE de Verapaz'),
(211, 'SEDE de Candelaria de la Frontera'),
(212, 'SEDE de Chalchuapa'),
(213, 'SEDE de Coatepeque'),
(214, 'SEDE de El Congo'),
(215, 'SEDE de El Porvenir'),
(216, 'SEDE de Masahuat'),
(217, 'SEDE de Metapán'),
(218, 'SEDE de San Antonio Pajonal'),
(219, 'SEDE de San Sebastián Salitrillo'),
(220, 'SEDE de Santa Ana'),
(221, 'SEDE de Santa Rosa Guachipilín'),
(222, 'SEDE de Santiago de la Frontera'),
(223, 'SEDE de Texistepeque'),
(224, 'SEDE de Acajutla'),
(225, 'SEDE de Armenia'),
(226, 'SEDE de Caluco'),
(227, 'SEDE de Cuisnahuat'),
(228, 'SEDE de Izalco'),
(229, 'SEDE de Juayúa'),
(230, 'SEDE de Nahuizalco'),
(231, 'SEDE de Nahulingo'),
(232, 'SEDE de Salcoatitán'),
(233, 'SEDE de San Antonio del Monte'),
(234, 'SEDE de San Julián'),
(235, 'SEDE de Santa Catarina Masahuat'),
(236, 'SEDE de Santa Isabel Ishuatán'),
(237, 'SEDE de Santo Domingo'),
(238, 'SEDE de Sonsonate'),
(239, 'SEDE de Sonzacate'),
(240, 'SEDE de Alegría'),
(241, 'SEDE de Berlín'),
(242, 'SEDE de California'),
(243, 'SEDE de Concepción Batres'),
(244, 'SEDE de El Triunfo'),
(245, 'SEDE de Ereguayquín'),
(246, 'SEDE de Estanzuelas'),
(247, 'SEDE de Jiquilisco'),
(248, 'SEDE de Jucuapa'),
(249, 'SEDE de Jucuarán'),
(250, 'SEDE de Mercedes Umaña'),
(251, 'SEDE de Nueva Granada'),
(252, 'SEDE de Ozatlán'),
(253, 'SEDE de Puerto El Triunfo'),
(254, 'SEDE de San Agustín'),
(255, 'SEDE de San Buenaventura'),
(256, 'SEDE de San Dionisio'),
(257, 'SEDE de San Francisco Javier'),
(258, 'SEDE de Santa Elena'),
(259, 'SEDE de Santa María'),
(260, 'SEDE de Santiago de María'),
(261, 'SEDE de Tecapán'),
(262, 'SEDE de Usulután');
